Actual,LR_Predicted
108.2099991,106.1153913097587
109.8700027,108.5169947284503
109.8399963,107.42336463818174
110.1999969,108.32315173890674
110.3300018,108.14547919578581
110.0,108.10793995921085
109.6999969,109.71311646761751
109.8399963,109.72322317611906
109.3099976,110.14912380688838
109.4100037,110.3269887744591
110.1299973,110.0475385949776
110.7699966,109.84683431344456
111.6699982,109.99428843566966
112.2600021,109.53587907095243
112.8399963,109.68483807589291
114.1699982,110.41711015347755
114.1900024,111.04961546433333
112.7300034,111.91725358113399
113.6399994,112.48439402711847
114.1299973,113.08893358539717
114.2200012,114.06975290520677
113.0999985,114.08182947362184
112.3799973,112.71683419128931
112.1200027,113.62237281830312
113.0299988,114.24776173684768
113.2799988,114.37194327544421
112.3899994,113.30979045566528
111.4499969,112.5048280750907
111.7300034,112.38835064826162
112.7200012,113.30450265705804
112.8700027,113.61456003001513
112.8499985,112.78948373778258
112.2200012,111.89807832200677
112.8399963,112.26563884905772
112.2699966,113.21104440764066
112.0800018,113.35968145052539
112.2900009,113.3181794902157
112.9800034,112.67809209929692
113.0299988,113.2415762533783
113.6200027,112.73492234806326
113.7300034,112.51979384071456
114.2799988,112.68371370487148
114.9700012,113.38896133151866
116.2300034,113.1443884337441
116.5400009,113.6992056645995
116.6100006,113.78921067845477
117.0999985,114.30461283804652
117.6900024,114.98064992661966
117.5899963,116.19184948558541
120.0599976,116.54475386524064
120.3700027,116.62230730768351
120.0500031,117.08049700928132
120.6299973,117.70218792058222
120.9700012,117.69966586830014
121.3300018,120.0607648172645
121.4899979,120.31906522562167
119.5999985,120.07323992482634
119.1699982,120.6759919213564
119.3099976,121.06500752847933
120.3399963,121.49301883383123
120.9700012,121.58007019292745
120.8399963,119.79949546672651
121.8700027,119.49105784373387
121.6699982,119.40301977974741
124.0800018,120.41078369978095
123.5599976,121.04133485106831
123.1900024,121.00491512295048
123.3799973,121.95065244753641
123.4199982,121.8587467118432
123.3099976,124.1222655147958
124.2600021,123.56559282394664
123.0699997,123.25702179778091
123.7099991,123.48869271414333
122.7699966,123.55404853966502
123.8799973,123.50958303733023
122.3399963,124.41277786150931
123.8499985,123.24272084834593
124.2300034,123.91815504342958
124.3899994,123.01137163884414
124.0,124.10946481251085
124.4300003,122.57495993354314
125.3099976,124.06164780659492
125.6200027,124.39210427185935
125.6299973,124.60886829666379
127.4599991,124.21354514760242
127.9800034,124.35240128948317
125.4599991,125.19624289365674
124.4899979,125.46962837563115
125.6699982,125.56395617633461
124.8700027,127.04194471594565
123.6600037,127.67262667217801
124.3700027,125.30267513974832
123.2900009,124.575837411463
124.2900009,125.65687271741444
125.7799988,125.01138972560511
126.0800018,123.81296402646512
126.0500031,124.65599184373605
125.9800034,123.74184641840839
126.9599991,124.68056729837735
126.5500031,126.01433920321324
126.3399963,126.31236727842224
124.3600006,126.2770175729911
123.9199982,126.21349996959725
123.6800003,127.06288673270319
122.9700012,126.60860253426654
123.3899994,126.46089173931978
124.4499969,124.21472701141829
123.9300003,123.93096506880829
124.25,123.62168404165459
124.9199982,123.14289371589985
125.0,123.56203586405172
124.3399963,124.6402427338362
127.3199997,124.17110411556132
127.0100021,124.40429492219118
127.6299973,125.06327199183943
128.2799988,125.13403546005975
128.3200073,124.5309839026122
127.9800034,127.32742413402593
128.2299957,126.96762011539795
128.2700043,127.5341473529279
127.1699982,128.1690917122396
128.3699951,128.15612597292602
130.1300049,127.94608535211046
132.1600037,128.2125625138524
133.8600006,128.1891961911915
134.7700043,127.12221249043978
133.7200012,127.67089482394476
136.3999939,129.3056487946942
136.9100037,131.36167578434652
137.1999969,132.9639762742827
137.9700012,133.787966694239
140.7200012,132.92952793599943
138.6300049,135.47690458147008
139.8500061,135.88722715417498
139.3999939,136.3534547342515
139.2799988,137.12201011655998
139.0299988,139.60361292343077
138.1799927,137.788557370146
139.5599976,139.01525017412496
139.5299988,138.72579334586408
139.6199951,138.7551283754965
137.9199982,138.53015162466545
138.8000031,137.71824975311392
136.6199951,139.1159807718468
131.9299927,139.18373242817688
138.7599945,139.28435604754668
136.8800049,137.67591277413703
134.4299927,138.32242299649624
136.5700073,136.2084884139622
138.7599945,131.76028550117553
135.0399933,137.2981059076683
135.4700012,136.36845662419728
135.2799988,133.9517939993275
136.1999969,135.43557101759143
135.5,137.70481514438507
134.8000031,134.55542223312477
135.2299957,134.55683288044202
137.0299988,134.81447775655943
138.4299927,135.76366694688477
136.0299988,135.1211248141808
134.6000061,134.4321802319373
130.3899994,134.8595646161266
130.5899963,136.35354949294197
130.9799957,137.59289143168644
131.3399963,135.44648083449283
129.8200073,134.2869349630928
129.5599976,130.1110605086742
129.6999969,130.46702117455243
130.3399963,130.7143830518471
130.0,131.28007459041328
130.0,129.79991187853193
130.3899994,129.62063563705306
129.9100037,129.49028532079865
127.8399963,130.28678604572815
129.25,129.84293171548234
129.2799988,129.8081050120236
127.0199966,130.12118765871674
124.5,129.75608890277363
127.3099976,127.70854465072443
128.0399933,129.0872521563051
129.3699951,129.03932542877556
130.3699951,126.98737959471691
126.5899963,124.71180446256949
128.3500061,127.08111894832837
127.7600021,127.80909083598453
127.4000015,128.9531497030257
125.3700027,129.7310380616127
126.1699982,125.9724965293899
128.2599945,127.67284101827317
127.8099976,127.01803733817542
128.6300049,126.9790748057585
128.5299988,125.04282443190459
128.8200073,125.87280172603823
129.3399963,127.85859542677281
129.0700073,127.42231647441258
128.4900055,128.1420617024396
129.2299957,128.0131686696659
129.0700073,128.33201742964775
129.4700012,128.7975805642527
131.1000061,128.59976304723932
131.6100006,128.0639119688003
131.0099945,128.81327481531116
130.9799957,128.66091785579192
130.9700012,128.9524227254151
130.1799927,130.52717876071256
130.1100006,131.02067149696813
131.3200073,130.5324504705968
131.5099945,130.5319581299609
130.8999939,130.32969424842122
136.2899933,129.6646254991374
138.3899994,129.54546910887257
138.0700073,130.6082910889545
138.1399994,131.0758904752729
136.2200012,130.5437503055109
137.3500061,135.3987944148248
136.6699982,137.42409994566515
136.0399933,137.1812159597539
136.4499969,137.4260434067328
135.7400055,135.7397017115709
134.8300018,136.8464784794469
132.4400024,136.36086715208876
129.9600067,135.83723417835427
126.6999969,136.32038642489715
127.2300034,135.6844166985702
127.9700012,134.82823487530186
131.3099976,132.67158032473344
134.2799988,130.5641384817991
133.4600067,127.64110594900558
136.1699982,128.10992592602452
136.4499969,128.70884273227784
136.2100067,131.46753503425316
137.1499939,134.0453106597961
134.5500031,133.32374995937425
135.4100037,135.61980961345398
135.4400024,135.86795032362534
135.8099976,135.71562123843432
136.5200043,136.5506049908181
136.1499939,134.35176455996043
134.3699951,135.20736795929406
132.6600037,135.28281903085372
131.0,135.54425733652897
128.5700073,136.20409584080699
129.2100067,135.9238129802343
127.1100006,134.31987495256544
129.0899963,132.78894581898567
128.8099976,131.41163466869875
127.9300003,129.25990851296046
127.4000015,129.87186566768105
129.0700073,127.95507563923093
129.5599976,129.5950743011599
130.6999969,129.35261471850936
129.2700043,128.25128921603027
128.0599976,127.77171768252265
129.1799927,129.21020985005634
129.5099945,129.62993558895687
129.5099945,130.6763802537862
131.4499969,129.38797475913452
132.0899963,128.23862034493504
131.7700043,129.2880913582576
131.8000031,129.54210152651467
131.7299957,129.5861746476039
132.5800018,131.17916042015895
132.2100067,131.7935125998829
133.3300018,131.5411896208043
134.4600067,131.62693659066645
134.9799957,131.59605382578957
131.8399963,132.4119753332252
131.6300049,131.76890595042823
131.0500031,133.2267734795787
131.3000031,134.25099261271316
128.4499969,134.79312125137403
128.5200043,131.96614620105356
127.0899963,131.44857490767208
125.4499969,131.0078478968644
124.2300034,131.13753581047604
123.5,128.79770121854017
123.4499969,128.94214570327495
121.8499985,127.66577634905116
122.7600021,126.15091742852564
123.2799988,125.06008473606016
123.2699966,124.37395942939838
122.5699997,124.24090449678806
123.7399979,122.67020002140634
122.2600021,123.3834531258617
122.8399963,123.76764039453883
126.4700012,123.72068369501176
126.0699997,123.0999641698345
127.4800034,124.09855525215426
125.2600021,122.71359672865947
124.0800018,123.235232810046
122.0100021,126.410446318514
120.4700012,126.07749558738033
120.1900024,127.23925878601949
119.3000031,125.15757498018866
119.1800003,124.1823862992187
119.545002,122.18582459083518
119.9100037,120.86515517903717
121.9599991,120.58744534031939
122.2799988,119.81492464436269
122.4800034,119.77360601275905
125.0299988,120.05802073976884
125.3199997,120.30809757500174
124.9499969,122.16881594894039
124.7200012,122.4077595028848
124.0,122.5874019098901
124.8799973,124.80912580104814
125.1399994,125.09418231291966
124.6100006,124.66563456916629
124.3499985,124.52836643684168
124.8199997,123.87577799907376
125.7099991,124.76343784784876
122.6999969,124.97082162642982
122.1800003,124.50890658691787
121.5,124.31727201511785
121.7200012,124.54098437849461
119.9199982,125.44015274362027
117.7799988,122.66718171654065
116.75,122.17668732771381
116.7600021,121.62162337588597
115.6299973,121.80187195451254
118.0400009,120.2465226497934
117.7300034,118.26258600982874
116.6699982,117.1601267164715
116.3199997,117.18258703672473
117.0999985,116.183763605688
117.9700012,118.35037484757049
114.5699997,118.00572685334919
116.6600037,116.93224715380347
117.3000031,116.60431595739101
115.3099976,117.18240049563246
116.2399979,117.6620259452211
117.0500031,114.8250027392769
117.6999969,116.59198631492109
115.4599991,116.81255362649426
115.4100037,115.0557263905066
117.5800018,116.13674579284452
119.3099976,117.00502768339538
117.2900009,117.111468965526
117.2399979,114.99147748484938
115.5699997,115.20408886064615
115.1100006,117.16459612548533
116.8799973,118.66670071457338
117.0,116.9273738318916
116.9599991,116.91195967152635
117.1399994,115.39647134177903
117.2900009,115.09892760559524
119.25,116.749130331169
119.7099991,116.78176829968288
121.2699966,116.7052952369977
121.0,116.98371638836034
121.5800018,117.12248740822542
121.7799988,118.93312029991648
121.4800034,119.38349815189031
123.5100021,120.79298363305861
120.8799973,120.53120303880132
121.8300018,120.9073076163022
119.9700012,121.40337510309473
120.9400024,121.21487811565021
120.4100037,122.97667375379751
121.8899994,120.37618174456657
120.7799988,121.192303330492
120.0999985,119.59209782264043
119.5500031,120.59526576625467
120.0100021,120.24719826671208
119.3799973,121.68299569825103
118.4499969,120.71611347943144
113.9599991,120.15698321912168
111.8099976,119.69941333661154
113.7200012,120.18215966597018
115.4800034,119.34540556125467
116.3399963,118.60370725566645
116.0800018,114.67610842940485
116.2799988,112.8424519634791
114.6500015,114.17232411508485
119.7300034,115.69622135995087
121.2799988,116.66194249811815
122.3099976,116.38202767726943
122.9199982,115.87350972263812
123.99499895,114.4631027274354
125.0699997,118.77113456978623
125.3899994,120.288225323995
126.2799988,121.2827582360751
125.6600037,121.87697562009635
124.9199982,122.82519822812719
125.3499985,123.98028212565623
123.5999985,124.20880520369792
122.4700012,125.17652953608922
122.8300018,124.81410028386927
123.7200012,124.15791561083824
122.4800034,124.73338413721831
122.2699966,123.20497207549306
123.0400009,122.2566184271036
123.1699982,122.69865301235768
122.0,123.62212077098957
122.9000015,122.5407807988795
123.4700012,122.48151565766057
121.0500031,123.00573420236651
118.1100006,123.26120874156004
117.3099976,121.96292463332065
117.1500015,122.75414228994305
119.7799988,123.41519148402222
119.6299973,121.11591553658036
119.25,118.41997481801445
121.1500015,117.79220108879781
121.4899979,117.68505560150334
122.7900009,120.00368374310165
121.2399979,119.82324921335567
121.8199997,119.41682888135256
122.4100037,121.07943551580138
123.2300034,121.30595933589393
122.3199997,122.54637092021585
121.0400009,121.17356431805274
120.3399963,121.71553838017462
118.4199982,122.33035322225805
118.2600021,123.00738711142913
117.9800034,122.24449971433933
117.2399979,121.06992958553201
117.7099991,120.2658363223236
119.1299973,118.59236255844917
118.7600021,118.55194628661775
119.3099976,118.36268951847887
117.6999969,117.58024149951962
118.9700012,117.99445264887618
119.5100021,119.37237044517315
119.7300034,119.03089321066
119.6699982,119.38213256862582
120.4400024,117.97740080696894
120.2200012,119.20273314859514
120.4899979,119.61824083848478
121.7699966,119.87470769501306
121.0299988,119.65777739593068
119.0699997,120.25942997821403
118.0199966,120.07570045356078
119.8799973,120.2607283075613
120.6500015,121.62580345305287
121.0699997,120.93411037090664
122.0800018,119.20201966244167
122.5400009,118.37216407012602
122.2399979,119.88085236785628
122.0599976,120.62183085121615
122.1800003,121.03283054270833
121.0400009,121.91607932120314
122.4000015,122.25916148283432
121.9700012,121.98841598700528
121.75,121.86704540221763
124.0800018,122.05829309519868
125.1600037,121.00149388234968
124.1600037,122.24542044197915
124.9400024,121.89883798596202
122.8799973,121.72291094144566
123.1900024,123.90882955956113
123.6200027,124.92758600404704
123.8099976,124.02456129957318
123.5999985,124.79189392700937
122.9199982,122.93801517726024
122.5899963,123.2901258299662
123.6500015,123.80822518973582
122.9800034,124.04199818018424
122.5,123.83400776327653
121.7600021,122.89566750168524
119.3199997,122.65500063441868
119.2699966,123.57091033175311
118.2600021,122.83518682091744
119.0699997,122.49157826435294
120.6399994,121.89751448741663
119.9000015,119.55813380156542
118.4000015,119.43051480958275
118.1100006,118.58305552305501
118.25,119.35111360381961
117.3199997,120.46857359643218
117.4700012,119.91757280457023
118.5500031,118.65247406572416
119.4000015,118.36250941543221
119.5500031,118.43429906716301
119.75,117.64567494968469
117.5800018,117.71974071314617
118.1299973,118.74901513067744
119.5400009,119.57296598550784
120.2200012,119.6538176018912
121.3000031,119.84462542892652
122.3899994,117.81390364242725
123.4899979,118.0611293070524
124.9899979,119.37802850659136
125.6800003,120.12870551691958
124.7900009,121.09296216062648
124.3899994,122.01486840258258
124.88000105,123.1037716698902
125.3700027,124.42494047382934
125.2099991,125.11772474140344
125.8000031,124.38336844682817
124.8300018,124.16431613484201
124.7900009,124.62810259205799
123.9300003,125.19770593667454
123.2900009,125.12534129286905
123.6699982,125.7202790273077
123.9899979,124.87532725417623
125.7900009,124.91569619985785
127.0,124.02528842407082
126.8300018,123.53838510485366
126.5699997,123.92089820235924
126.8700027,124.31408953368918
126.9000015,125.74456171323982
127.3799973,126.82459139412094
126.75,126.5546423792166
127.7099991,126.34680644236323
127.6299973,126.60617851890856
128.6100006,126.77333268405891
129.3600006,127.19507636102935
129.8099976,126.65549029590693
130.1699982,127.53629098497731
131.1399994,127.48612227182457
131.75,128.45322597370978
133.0,129.23160541714606
132.5,129.60405619636185
131.9499969,129.98896836076528
131.7299957,130.9494594417938
131.1300049,131.58647401558665
129.0500031,132.6947420653196
129.6199951,132.2610136314197
128.9499969,131.77700554584953
128.3000031,131.72774715434934
127.0500031,131.17722353250065
128.2200012,129.15463561861725
129.3500061,129.41265588747956
128.9799957,128.93546143362073
128.2299957,128.497363221044
129.4199982,127.13741117740392
126.4800034,128.341103214525
127.3600006,129.34387060355039
128.7899933,128.9694870913445
129.6399994,128.31754124199506
129.0299988,129.27388342245285
129.8800049,126.56853471616887
129.6499939,127.5289441777586
127.8300018,128.56754259845366
130.7799988,129.69507467119365
130.4600067,129.0831758623517
130.2899933,129.86040290260462
130.5,129.55748371966365
130.6300049,127.74501961419992
131.5700073,130.51632802463791
132.1000061,130.25534530243567
131.1699982,130.14843459742042
132.0500031,130.38899776735707
132.8300018,130.49521307428404
133.6199951,131.1602440576844
135.5500031,131.58659721753975
135.7899933,130.7448003647205
136.6600037,131.73922957188006
135.9400024,132.5207711934745
137.8200073,133.25042019249486
137.0500031,135.0670768966811
136.5500031,135.22588940613423
136.5599976,136.1886572308831
136.3699951,135.5733479374121
136.4949951,137.30650477120798
136.6199951,136.62743995222445
138.3200073,136.33130444341077
136.2799988,136.33634232208715
134.4900055,136.16062169144243
133.2899933,136.50724688450282
131.4700012,136.60102511994774
131.1999969,138.15330146261113
131.8200073,136.27962380923782
131.1499939,134.60306289314212
131.4299927,133.35758131374678
133.0099945,131.7718657221958
132.6499939,131.50946846861916
135.4499969,132.20664967801713
135.0700073,131.5888941596022
136.8699951,131.78696661820868
136.7599945,133.24681802656778
135.9499969,132.8597324192524
135.7700043,135.37699458462703
136.3200073,135.0739880058827
136.3500061,136.62905833036166
137.3200073,136.52235002074303
138.1499939,135.7985681046539
138.2799988,135.68400597069558
138.47999575,136.29205268642545
138.6799927,136.31834727522983
139.0200043,137.18875277743246
138.5500031,138.03710775025866
139.8300018,138.1381795822399
140.5599976,138.33836927116135
140.7400055,138.62408286553728
140.3699951,138.71163093813811
142.8600006,138.51686016116037
144.3899994,139.491801197124
145.0599976,140.2161332347623
144.5399933,140.4656393382993
144.5599976,140.13365330766828
143.8699951,142.46504885315153
144.2700043,143.8658804064671
143.6000061,144.49983671288646
142.8500061,143.94671572025254
141.3699951,144.19815590656253
142.1399994,143.53230865818296
142.5299988,144.14021028262323
142.5399933,143.56818311955976
141.9700012,142.89186839596368
141.6600037,141.43268045744117
140.2100067,142.37116731526294
140.2700043,142.78042229751009
140.7299957,142.56386457538247
143.3800049,142.2391190062117
142.8300018,141.93463333479667
142.7700043,140.6503413060309
141.8899994,140.33602912027345
141.1799927,140.8447477324862
141.6199951,143.35135170201283
141.6000061,142.8476062301761
142.1000061,142.73835402440636
142.5299988,141.79330883215698
142.7700043,141.24249220120873
142.3899994,141.62867611490947
142.7599945,141.45995927579497
141.9700012,142.122123662175
141.9600067,142.6002232592873
141.3399963,142.7881469294225
141.5299988,142.43554014868823
141.2799988,142.79730590183135
140.6100006,141.80872659080705
140.5399933,142.0986511488536
142.2400055,141.5188632308982
140.75,141.68430325023655
140.7700043,141.50848886721178
141.5099945,140.8490807515209
141.1600037,140.84605519578508
140.5099945,142.05006382354804
139.7299957,140.54861609457475
140.5599976,140.45519561657238
140.3699951,141.33837342424522
139.3600006,140.9670308625973
140.1000061,140.33718822914852
140.0399933,139.65537539892284
142.3800049,140.4425351332884
141.5599976,140.3033465419885
143.0599976,139.3891516992917
142.7599945,140.04136191862563
141.0599976,139.97528300597332
142.5800018,142.16910005248792
141.5500031,141.39717270699657
141.0800018,142.70795666613594
138.8399963,142.32020533500872
138.9199982,140.85310319848213
140.9499969,142.30098796933453
141.7200012,141.3705208868887
143.8500061,140.8789116562657
142.3399963,138.80394694539427
141.2799988,138.71108805522636
142.1100006,140.67803661060316
142.4299927,141.40403036417592
141.1000061,143.230282527089
140.1499939,141.8495012492749
139.3800049,140.8654627933247
137.8399963,141.74731786533812
139.1100006,142.04834466010107
139.0399933,140.88193541875808
134.4900055,139.98004160193886
134.0299988,139.310732829279
135.1300049,138.00628163936017
131.3999939,139.16088662015682
130.75,139.07785365607015
132.7100067,135.038090688593
130.9499969,134.3434271254464
131.8500061,135.37537520237856
129.1999969,131.9222752484966
127.1100006,131.12584449093993
122.7900009,132.62741365250986
126.9899979,130.86009504502545
122.7900009,131.54791553406176
112.1999969,129.50388657960139
116.2300034,127.5351480043064
108.5,123.51947913497861
118.8899994,126.90636655627532
116.0699997,123.27492602248458
118.2300034,113.68077644558616
116.4599991,116.88759690149163
111.0999985,110.36777253232867
116.3499985,118.61288706871346
121.2900009,115.74166266423344
126.3399963,118.11665751652617
127.2399979,116.28199844650044
125.2200012,111.4865769860844
119.9499969,115.90907577255348
118.8849983,120.05978534750284
117.8199997,124.14376037918919
115.0,125.03313618671746
122.4100037,123.62697174710593
121.9000015,119.28623969021464
123.5400009,118.13114189803673
123.4100037,117.2611648207967
121.2600021,115.01342951231345
124.6399994,121.08837592208874
122.9899979,120.79672976071743
121.8300018,122.32840503839361
124.6100006,122.38742016260949
121.7099991,120.59455938208521
120.6699982,123.62972480086319
121.4300003,122.32290852958795
121.6800003,121.3345839046251
122.5599976,123.84872229912435
124.1999969,121.4188805394806
125.4899979,120.57759950394757
127.8600006,121.30406671935452
123.5899963,121.48854768738784
121.1200027,122.28449247012577
120.6999969,123.74956448660305
121.9599991,124.95432825252283
121.5800018,126.9389619460162
121.5199966,123.21852259549087
122.56999965,121.09286899904328
123.6200027,120.81096006112784
120.1699982,122.04327863322214
117.7600021,121.6084134513676
116.9499969,121.67673991425545
116.8899994,122.52684009885161
119.4700012,123.53473370099164
118.2200012,120.37480386074276
119.8199997,118.22073591977278
117.9499969,117.51765205326046
117.5599976,117.54969250460636
124.1100006,119.71552614918073
126.8099976,118.64295845514062
128.3600006,120.02015533550912
126.0100021,118.2676878277016
126.4499969,117.98628379765796
126.4800034,123.61360760189746
128.7299957,125.79488516534002
128.1600037,127.38973180101857
131.1000061,125.24906072621525
132.0700073,125.36077872034548
130.5899963,125.7026977643909
131.0099945,127.69541609730186
124.4400024,127.27141003643919
127.8199997,129.8663016221417
127.4000015,130.83449909692354
129.6000061,129.60348445917225
128.8800049,130.15865116910572
129.1199951,124.10165107951434
127.7900009,127.35498032773467
128.1300049,126.7728307317011
129.0899963,128.91489931095748
127.8000031,128.58383263107135
127.7699966,128.88409817734282
126.1600037,127.65943110147964
126.8899994,128.03723870026442
125.6299973,128.99165764378267
124.1399994,127.70842751661257
126.3899994,127.69726619352878
126.9800034,126.3265098195534
124.9599991,127.08288202453878
125.4100037,125.94078981329403
123.8300018,124.46343133726987
124.9700012,126.46527735444033
125.0500031,126.97478321769267
126.4300003,125.15111752427947
127.3300018,125.591905860103
126.4899979,124.21605148611707
127.0599976,125.04739809200692
127.2799988,125.09909362503095
126.2699966,126.31009077654198
126.2600021,127.20798377350184
125.8600006,126.41315957349252
125.2099991,126.91671636366482
127.5699997,127.13775346458169
125.4599991,126.20565260306103
123.9899979,126.22683469209551
122.4599991,125.8868094162226
119.3399963,125.35538609787727
120.9400024,127.47229850211625
122.9100037,125.67232363352377
124.8199997,124.31047519439198
128.3399963,122.89124040616116
129.9600067,120.17099423442596
130.5700073,121.28664524902342
133.75,123.10815509589156
136.4400024,124.80929152594217
135.6399994,127.73822085091888
134.2200012,129.2001567006282
135.5299988,129.77990398596557
136.0800018,132.57719132325474
135.2100067,135.05126007554645
134.0899963,134.41987877945576
133.8300018,133.3647532155519
134.7599945,134.6694163157863
134.7899933,135.37788378314144
134.8899994,134.63905876110766
133.5599976,133.83308255065276
133.9199982,133.6689337517655
132.4299927,134.61196675434803
132.3000031,134.66988196372586
132.5200043,134.78391756026758
129.9499969,133.6619992486394
133.1699982,134.10003034908004
131.2299957,132.7457275948982
131.1300049,132.38033822504804
130.1799927,132.65615928054467
131.3399963,130.18610871397323
133.7700043,132.89036013301484
134.0299988,131.31696919738897
134.0299988,131.25607239583405
135.0,130.38650264695752
134.25,131.41706831307056
131.2200012,133.68512659057888
132.25,133.86543445992902
133.2899933,133.84051401975557
131.8500061,134.40786127251522
132.9700012,133.8900617301406
136.0099945,131.10028203149886
134.25,132.18057209895233
132.4400024,133.18466504757998
132.4299927,131.90074287392054
131.7299957,133.0227279499486
132.1000061,135.76013373766364
131.2599945,134.14188064557493
132.4299927,132.6275386819816
132.9499969,132.440168275205
132.0800018,131.7558723172424
131.8000031,132.19823119242938
132.6499939,131.4158252799989
131.5299988,132.5396343359098
131.1699982,133.0061931403743
130.6399994,132.26592187381902
130.8800049,132.01988481980152
131.3099976,132.80031509831133
133.1399994,131.80765765264732
133.4199982,131.45336882157972
133.2799988,130.98097628721735
132.8500061,131.1816807428404
132.4600067,131.50261917253374
130.0700073,133.24072806658478
131.3500061,133.37226811256187
131.2899933,133.17239084504945
133.2400055,132.7619940017412
135.8699951,132.44808550923517
134.1600037,130.15405392387947
137.0700073,131.3881194787955
137.1999969,131.6781329930509
139.6399994,133.0475892389113
139.9400024,135.21016903593045
142.4799957,133.85242433679377
139.6900024,136.2827772945875
141.6199951,136.367520933778
144.1100006,138.70195641122882
142.7400055,138.9724079164007
141.8300018,141.37218211333857
140.9199982,138.8703889372846
142.1300049,140.6066250804106
143.2599945,143.02109553253104
143.8399963,141.8557423405
141.3099976,141.1011476757776
140.1600037,140.51404973868375
134.4600067,141.76180671114525
136.1399994,142.88849853163083
136.3399963,143.32159543614762
136.8500061,141.0399553363004
138.2799988,140.19617261369785
138.1499939,134.86837300981279
138.7400055,136.5130467107956
140.8800049,136.71758274111562
143.0700073,137.1368591810715
151.0,138.3585198968267
153.5800018,138.20569229091052
152.8500061,138.72610330967655
155.0899963,140.34879329709656
154.6399994,142.43263661543824
153.7700043,149.1385421978266
151.7700043,151.6030307143701
150.7700043,151.01909304170658
151.1600037,152.97174120457748
150.4700012,152.96092477498496
152.6000061,152.4674014713437
153.3399963,150.64629921358755
154.0899963,150.13358351035095
154.5700073,150.6441927290216
153.2899933,150.16960111593653
153.3999939,152.14898749362874
153.5299988,152.6945813372222
152.6699982,153.5462685804141
152.8500061,153.9202667629943
153.3899994,151.97996950200286
151.75,152.44906787900436
150.6499939,152.6946458521561
151.3399963,152.06525828524173
148.4100037,152.225934516302
148.1300049,152.59251610054162
149.9799957,151.2978332180719
151.3399963,150.4090232964445
147.9499969,151.11956741645918
146.7200012,148.36865083084194
145.9799957,148.25314784251896
142.6399994,149.74711524491067
143.3000031,150.97179941278046
140.5200043,148.10221072606328
140.4100037,146.74841723277314
143.1199951,146.34312844188935
148.0700073,143.12869117509945
148.0200043,143.74609723063077
150.8600006,141.15649992992076
152.9299927,141.12582605673924
154.0,143.16077350471278
161.5599976,147.47735729378655
158.9400024,147.34523826779696
160.4900055,149.6700449299733
156.4799957,151.6666679570062
156.5299988,152.5000721335109
153.4499969,158.03230461091334
153.5500031,156.3626465867128
152.4400024,158.30958544833084
152.7299957,154.7897345065885
152.4499969,155.28134895468065
149.2599945,152.6730497763583
147.9299927,152.98339897655023
149.3399963,151.9973105729423
149.2100067,151.93070205578442
148.8300018,151.9425602864594
146.8500061,148.97736999319568
148.5200043,147.8875673077473
148.2299957,149.2002286649531
151.5399933,149.05938681935731
151.8800049,148.6844033740672
150.3600006,146.52341250842255
150.5299988,147.97644818048866
152.8999939,147.88793902110046
152.1000061,150.7846596898653
153.6399994,150.93796174727868
157.7100067,149.4931629794628
158.5800018,149.8094637514805
154.4799957,151.97582902901559
151.3399963,151.30844264328152
150.6699982,152.50909978803247
152.01999665,156.15838558124233
153.3699951,156.95133412888572
154.8999939,153.56139811851972
153.8699951,150.84775378211998
156.0599976,150.52826693863426
154.1600037,151.45848107086022
155.3800049,152.937692280384
153.6499939,154.29647228434806
154.6999969,153.52289899177958
153.3800049,155.59423778525706
154.2799988,153.49674549425617
154.0899963,154.53413072969124
155.7700043,153.16751025522717
156.2200012,154.1925077863798
157.3099976,152.9452210049294
157.5700073,153.87365581214
156.4100037,153.75789987703138
154.1000061,155.09337625704939
155.1399994,155.61271760279305
154.7799988,156.56196299329895
154.9900055,156.84993982354536
153.5399933,155.6669082727749
152.8099976,153.67290122361374
153.2599945,154.6301314773791
152.4299927,154.54369247300747
150.7700043,154.63283515858893
152.2299957,153.5415742993555
150.5899963,152.92782438134964
151.4199982,153.35322934390933
152.9600067,152.41686233117798
153.6499939,150.955655916865
155.0599976,152.0809747548701
152.2400055,150.58490865538806
153.5200043,151.34891151395823
155.2299957,152.61420729353267
155.8500061,153.31830778010226
158.6799927,154.58178060602404
160.6600037,151.89632407692807
159.2899933,153.02916446420932
160.2200012,154.3712714295434
161.1600037,155.26001671456288
162.7799988,157.651249472141
162.2400055,159.43299703819866
164.0200043,158.23175276237635
165.5500031,159.22441145430275
165.9799957,160.2497539148044
172.3399963,161.82569499535748
176.6300049,161.18028785920615
179.6699982,162.86187511249045
182.4100037,164.34714872512814
180.8000031,164.90481212596205
179.6100006,170.20885221927892
180.5399933,174.03255831474598
180.1799927,176.44444733095042
181.4700012,179.3237327877996
181.95999905,178.0705588963374
182.4499969,177.43299053937517
183.8399963,178.602409101155
185.1999969,178.51727860875144
177.0299988,179.83090818300298
178.8800049,180.29563330289602
179.3899994,181.07431204773457
177.7100067,182.34884862123545
177.6699982,183.68033687231764
178.1000061,175.61320469173734
177.0700073,177.89928664701802
176.7299957,178.7853789716537
174.8399963,177.21205668279617
175.4799957,177.5316197089869
176.0299988,177.91467747885872
174.9299927,177.09290542090275
175.6499939,176.80874361684073
174.2299957,175.033976826855
177.7899933,175.37684696038195
178.8999939,175.94392323209286
179.1799927,174.5474987489415
180.0,175.44310552493152
178.9299927,174.0333169327787
178.1300049,177.40303537006184
176.3000031,177.94253558301352
178.1199951,178.3701166488463
179.6799927,179.04666424956667
177.9900055,178.1051531170906
179.8500061,177.30368857457142
179.5,175.50616024503142
178.4400024,177.24183407716555
179.8699951,178.8359673215582
181.4199982,177.26797094064568
181.65000155,178.92218359042818
181.8800049,178.74435413142055
185.9499969,177.75890512864316
182.1799927,178.9483969284065
182.8600006,180.48187959649476
180.7200012,180.64411356663368
180.5700073,180.68457487334854
179.8999939,184.02540099572434
181.3800049,180.68384035730742
180.9400024,181.63778241780528
181.3399963,179.78799000702566
180.6000061,179.8379899280808
178.1699982,179.14283660394358
175.7299957,180.71487765049824
168.5500031,180.3748867116501
168.6450043,180.8359009573087
168.7400055,179.72089536374915
171.0200043,177.7655964618043
173.75,175.53828970306677
171.5899963,169.0628820225338
173.8800049,169.32473175350424
172.8600006,169.17805561215937
174.2299957,171.25852682645018
176.2100067,173.53804647216566
176.2400055,171.41902347956784
179.2700043,173.41045707413105
181.6399994,172.59626883133387
180.0,173.75778691738924
180.0700073,175.0863971171948
176.3000031,175.1679618381113
178.4600067,177.63011314445066
179.3899994,180.02844287457265
181.7100067,178.37444015847905
181.9400024,178.67463239497192
180.9499969,174.95760929624157
176.7100067,177.41206207872892
181.8999939,178.17013990085252
181.5899963,180.21436774915492
182.7899933,180.47717547206412
182.5700073,179.7784141669872
186.5200043,175.6983368590827
184.8500061,180.63000092597758
185.4499969,180.32272397072848
177.75,181.51888261791646
177.6199951,181.40379283902803
171.8099976,184.82458464210686
172.1399994,183.30155519799882
166.9700012,183.6578959232611
169.4700012,176.98754314868165
171.9700012,177.11880971569553
175.1499939,171.67249439503394
177.1300049,172.37526151204838
175.7700043,167.73085456001718
175.5099945,170.04646371570198
176.2700043,172.13063110491748
178.5500031,174.71395409895922
178.6699982,176.27269229463127
177.75,175.01087554192782
174.0200043,174.8803149307787
173.3999939,175.4573908210641
172.2299957,177.61270689088997
173.1999969,177.7956186314641
174.0899963,176.8534471531766
176.4799957,173.62901168453936
176.5700073,172.91215306653066
179.9799957,172.16566269621035
179.6100006,172.8687115355624
181.0700073,173.76120596958754
181.4799957,175.83340327277438
179.2799988,175.9230290656251
180.4799957,178.53920596805074
176.3200073,178.05267820397967
177.3600006,179.3810335803264
179.0299988,179.82245470038106
184.3999939,177.8719698547484
184.3899994,179.25616056390936
187.4299927,175.3917348329087
186.2100067,176.45784998691488
184.6499939,178.1413378482539
185.9600067,182.49061199520656
185.0899963,182.9355338948517
185.0599976,185.6116284391701
184.8099976,184.44574493160508
179.8300018,183.15103553162226
177.4700012,184.6367588508383
177.8500061,183.8491272159863
178.2899933,183.98921166634864
183.1600037,183.83498054821575
182.4600067,179.28209741098726
184.5899963,177.43774458373446
187.4400024,178.04176732734595
182.4799957,177.60393957706037
180.7700043,181.6858326725378
182.3500061,181.2767307803042
176.1199951,183.15418654251152
180.7799988,185.7640826621846
186.75,181.41992911228226
187.3399963,180.1350747526285
184.0399933,181.47609933403692
181.9499969,176.0729517634827
182.8200073,180.19504260780013
181.3600006,185.17441081068318
183.7799988,185.83112432619964
185.8999939,182.97802706775474
184.75,181.1453480880864
183.6799927,182.11972009610872
184.0800018,180.86824036657708
185.3000031,183.11512598369882
186.2899933,184.79552512406917
199.1900024,183.9343927500977
196.9499969,183.03472086964211
199.75,183.56349003451578
200.4400024,184.50806259829733
200.3500061,184.85276336728384
201.8999939,194.66863615058355
206.6100006,193.49265041509716
211.3699951,195.96205452858703
210.6900024,196.9682071595962
207.4700012,197.03824864480157
202.4199982,198.7834203182374
201.4700012,203.02945351929702
199.7700043,207.2398790547868
197.6999969,207.04384784849935
197.0099945,204.55709358698732
194.1699982,200.03829483467416
189.9600067,199.82766062338123
193.1300049,198.46161406271312
198.4499969,196.1870064031773
196.4299927,195.40666261725346
199.6600037,193.11559497954113
199.5299988,189.99571547570486
196.8800049,192.19665645603345
197.2400055,197.03627902091102
200.3200073,195.16498575044716
201.3699951,198.0221580188445
194.4100037,197.86628920188923
192.7100067,195.31023693935822
188.9700012,196.02498918801757
189.3999939,198.52426336662575
190.3000031,199.30335516295418
186.5399933,193.29295987857768
188.9700012,191.68658871480147
185.6399994,188.71708865559413
183.8399963,189.28744281840954
182.2299957,189.9890030467086
185.3800049,186.52687365502243
182.9499969,188.74604992994864
181.7100067,185.49274417523156
179.1499939,183.56979896361918
176.0899963,181.65291535755932
170.75,185.05490726423523
160.1699982,182.66630957205598
156.3399963,181.09925252064022
164.0500031,178.97719499612867
164.4299927,176.10754098692996
158.2700043,171.61044177526674
161.0899963,162.01170299482692
165.9299927,158.5072417019419
171.8899994,165.1202836717457
171.7400055,164.95789499276725
171.7700043,159.40470416069365
171.8000031,161.81995270138214
172.8200073,165.78230995138983
175.7799988,170.42100645393293
180.2700043,169.97026687583093
178.4299927,170.29933143032758
181.61999515,170.42865890589928
184.8099976,171.1914546855005
180.6199951,173.8138329123958
180.25,177.7755807644553
180.3699951,176.03589432468652
182.5800018,179.00351562830838
177.6600037,181.98939392443026
176.5200043,178.41929743082255
174.4900055,178.4796346585117
170.7799988,178.38367331116933
169.6399994,180.3719339614072
165.7299957,175.97628024153164
168.4400024,175.4710467723362
167.2599945,173.66684343638917
170.2700043,170.5488334647871
171.4499969,169.5921894469011
175.4499969,166.12958720853385
173.6699982,168.55139577082628
169.5299988,167.20961705214177
172.1600037,170.01114216953647
166.8200073,170.81414718624
168.0399933,174.32979131092725
172.9700012,172.32722439456666
171.0,168.89102443245793
170.6900024,171.1732185581459
172.0599976,166.40449707938023
174.8500061,167.68051585344074
169.9299927,171.41540240900576
173.3000031,169.83066839296407
168.4700012,169.5276751522124
166.4499969,170.8589183479271
157.0599976,172.7555995225739
158.5399933,168.4874144801379
161.3300018,171.77728148607275
159.2100067,167.5774031005276
159.9799957,165.67215628215854
155.4799957,157.49943758258996
155.8899994,159.10298962405068
158.6600037,161.3763952584286
161.3500061,159.45524491921242
160.6000061,160.20634447822886
161.0299988,155.92791821721949
165.5299988,156.4735335068708
166.8300018,158.3608732681878
166.3699951,160.8856902356565
168.6999969,160.22065759494035
170.2400055,160.39511308910005
164.8099976,164.24042754380207
165.5800018,165.42009470378616
166.25,165.0836971583176
165.37999725,166.75732579613214
164.5099945,168.0586796395637
161.3000031,163.47354076013107
155.5,164.37373684861086
155.1600037,164.9927975578812
156.75,164.35541882564758
154.4600067,163.5129343565659
153.9499969,160.9198564111921
159.0899963,155.84970228954626
159.1399994,155.64323024390433
157.5200043,156.69948959234716
159.0800018,154.67720120621925
156.5299988,154.31064941440127
157.1100006,158.75772327701998
155.6699982,158.43641825458508
154.1699982,157.12403436854584
155.4700012,158.51325422156333
154.6699982,156.33955537022848
152.8300018,156.52991824452874
157.1499939,155.66058624043217
156.7599945,154.13301133504137
155.1699982,154.87433136474465
155.4299927,154.22723513095843
155.4400024,152.75406660875342
153.1399994,156.40153377717616
156.6999969,156.1843200891326
156.75,154.76788466792277
160.4199982,154.87659445408644
157.8999939,154.79025009153884
159.1799927,152.79562383982375
160.3000031,155.99930013840822
159.4199982,156.12156213039998
158.0599976,159.28767364413216
160.0500031,156.9613559901154
159.5099945,158.21835405453567
162.5899963,159.2464354616077
166.7700043,158.58256836346663
163.6600037,157.49372673507605
163.1300049,158.99193833424397
156.6600037,158.56451928067327
157.3099976,161.1267771298808
156.1999969,164.96521232151463
152.9400024,162.22755088316808
157.8899994,161.72620027913945
158.6000061,156.3847046558476
161.3099976,157.0467727411433
160.4600067,156.24196030021994
159.4199982,153.07821254978808
160.7700043,157.3540251710965
159.1300049,158.24419469613895
156.4600067,160.36756742205762
154.3200073,159.7299825080445
153.4799957,158.85905963426922
154.5,160.00399494513113
156.0,158.75754174422218
151.7700043,156.3506206645343
151.7700043,154.51988541730316
150.1699982,153.8129367978563
149.3699951,154.58458103100747
146.8000031,155.92384828515424
145.5599976,151.89241068087176
143.9400024,152.26938415802215
143.3399963,150.51475675893198
144.1300049,149.98911343539112
145.5899963,147.27079964805125
145.0399933,146.0138151430274
140.2299957,144.63882848287903
141.4700012,143.81843328568903
140.4499969,144.5259598070097
140.7400055,145.94414862473968
141.4499969,145.2882426196811
140.7299957,140.83828928988623
137.5800018,141.9269572041976
139.0500031,140.8757198218118
137.2799988,141.16695575238737
135.6199951,141.57386862818566
135.7400055,140.87445534392646
136.8899994,138.05597214404406
133.7599945,139.12857848914064
130.2899933,137.67380049408348
135.5899963,136.09130882302998
139.8500061,136.04830071509423
138.0899963,136.71722847887395
136.1699982,134.06444395781546
135.8500061,130.80776163908558
134.8600006,135.31420827662077
135.0599976,138.9973791605098
135.0,137.28064832770724
136.3800049,135.81431914481436
134.1100006,135.44221416453365
136.1600037,134.62705218058
134.2599945,134.6063768199092
132.9700012,134.77912277475116
133.2400055,135.33632256347846
133.7599945,133.8096325057977
134.7400055,135.78551743463686
137.0700073,133.93572933867654
137.9299927,132.85461859373754
136.4700012,133.10045195932253
139.5200043,133.3595491945507
138.8099976,134.40626130925193
135.1600037,136.4805634518525
135.3899994,137.20202350235195
135.25,136.037113160839
137.3500061,138.5266303796252
137.2599945,138.0081595785323
137.5,134.3870928161814
134.5299988,134.73511848006456
140.5200043,134.72418825894238
143.2599945,136.70056437118
142.1199951,136.62014911502047
143.75,136.84360164286227
142.1199951,134.27405272764008
142.9299927,139.32482639651244
143.1900024,141.92651180733446
142.1600037,141.04712895141347
145.3300018,142.50875005043417
146.7100067,141.24371273063662
148.2700043,141.9227333593717
146.5099945,142.50966056455036
145.3999939,141.71992085764577
147.6900024,144.53391872725297
147.6600037,145.72720547303834
146.5299988,147.15531193325296
143.1900024,145.77947712599234
141.0899963,144.91408071468868
141.8600006,146.67756939349601
142.2799988,146.76015243406255
143.3399963,145.80708793187114
144.1199951,142.903104434552
144.5,141.0951443351605
144.6499939,141.97852228557167
141.6600037,142.4783763143041
140.4299927,143.3160634999549
139.6100006,143.999685177243
138.8300018,144.23828411333307
137.4600067,144.33075813882715
137.0,141.6363548986028
137.1399994,140.78476948908792
136.1600037,140.0080751948608
134.1300049,139.38792565837502
137.4100037,138.19603111737524
136.5800018,137.4994660784705
138.2799988,137.66679213614952
137.1900024,136.83241406822526
135.5200043,134.75830524420235
138.9700012,137.72735404517516
139.9400024,136.9333819128242
139.1399994,137.92081991436862
138.8500061,136.87713886158053
142.3600006,135.3715041226078
140.3000031,138.05859970325946
144.7700043,139.20175970524906
145.5099945,138.62820229577483
144.1799927,138.43107365476862
146.1100006,141.35098705786186
146.0299988,139.5991919600383
146.0099945,143.70004250461898
146.1499939,144.1275401139119
145.4700012,143.2518471297899
147.1600037,144.95624398810105
145.1799927,145.05753651409213
147.1100006,144.58537577030438
148.5800018,145.41517847115028
146.6199951,144.7899188134943
144.7100067,146.3392404960814
143.7899933,144.80582448502355
144.6399994,146.53362220388226
143.8300018,147.37754188209874
144.8300018,145.59935841738843
143.4199982,144.14742276548532
143.8600006,143.49439947787323
142.6499939,144.20730085807554
140.9700012,143.6534832006946
142.6999969,144.44493346231138
142.8500061,143.35094237905287
139.1799927,143.75425520437966
138.6499939,142.62394140790093
138.9499969,141.22167886086754
136.0500031,142.58350338020682
136.25,142.8016907537658
135.9199982,139.50050134690355
136.5299988,139.15073509392278
137.2700043,139.2966509151829
139.8300018,136.6537897293474
140.1300049,136.8794463483955
139.0800018,136.56867204633454
139.7100067,136.85015229158125
138.5200043,137.31989807037644
137.9700012,139.58014252979774
137.1199951,139.98761233245023
136.6699982,138.68376322009317
133.5800018,139.44267342820967
135.8999939,138.15742062271056
133.4799957,137.75914839089455
135.1300049,137.05067032233637
135.7799988,136.66794644257425
135.5700073,133.7247533045811
135.8699951,135.80802997981664
136.6499939,133.68125785099073
137.2899933,135.04055463815166
137.9299927,135.7566520848177
139.6699982,135.45820333248412
139.6199951,135.68493403166394
141.6900024,136.34581901797355
142.3399963,137.0656979079995
142.1399994,137.59523364135384
140.4199982,139.2309437198728
138.8699951,139.1689892611721
138.0099945,141.06704880109464
137.5899963,141.4009463336115
136.4400024,141.2324076390014
137.2299957,139.80733738153322
135.9600067,138.49070776434382
137.75,137.73535531173366
137.0399933,137.57053031964824
135.2599945,136.51300293472377
133.8000031,137.25130954472297
134.6699982,136.0983153254092
134.8399963,137.77351246903345
133.5099945,137.161912188114
134.0200043,135.53805472580825
137.5200043,134.21939806814407
137.3300018,134.91044136464916
136.6900024,135.0798853552078
135.1600037,133.83689364070779
135.5700073,134.30145161860491
134.9100037,137.24512170784874
137.5399933,137.1378625964262
137.8099976,136.31534835964703
140.8500061,134.88199683790845
143.5899963,135.35267647949695
142.6699982,134.83036966354484
143.2700043,136.98593495602836
142.3999939,137.4712811493864
141.1300049,140.2312941239361
142.0200043,142.61108705467996
142.5099945,141.69712369434637
142.2200012,142.3778264667926
141.1900024,141.80375909419308
139.5500031,140.8571961125781
139.3300018,141.67115932937304
139.6000061,142.1829658751376
140.0800018,142.03675153597942
137.7299957,141.16118709920556
136.1300049,139.55335827186536
140.6499939,139.5329255689594
146.0,139.75917886693242
145.7299957,140.17590810414913
148.4799957,138.02989230504681
145.3099976,136.73168253340737
146.8600006,140.5497368522265
148.6399994,145.26058924614517
149.5899963,144.99389005967168
158.0800018,147.0890204595944
165.5700073,144.58487078366306
168.1799927,145.80861770298543
164.3500061,147.67951797232308
157.1499939,148.6315586174769
156.5,156.0491758572498
157.1100006,162.36239683129497
153.3800049,164.05440908265882
154.5500031,161.60689673047455
157.1799927,155.70668469230804
160.1100006,155.62087080453057
160.3999939,156.34306057663343
160.75,153.17714259427703
160.4700012,154.33095280429552
161.8999939,156.57210284531175
160.8300018,159.320087835893
161.7700043,159.6318786650354
160.2400055,160.04439640417877
158.4199982,159.6840017447048
159.2700043,161.0755407650704
160.3500061,160.1301728501894
159.1499939,161.00240203988142
159.4499969,159.88547054043192
163.1900024,158.29771894874284
163.9700012,159.12740358787596
163.2799988,160.1412595203874
162.8099976,159.0827054291094
164.5299988,159.280213924294
165.5599976,162.5845396218283
165.6999969,163.34621250613782
165.4299927,162.74475713313768
167.1499939,162.4352440108396
168.2400055,164.08544790312408
171.8399963,164.9538459017549
173.8500061,165.0971611510722
168.5700073,164.92369571015843
170.7899933,166.5179304416033
173.3899994,167.59527263410018
170.2899933,170.39632562603765
167.2299957,172.1640195914806
167.6600037,167.47833791017365
167.2799988,169.79566794522725
166.6999969,172.08933253368377
165.3899994,169.31015941414444
162.2400055,166.7637143743359
162.2799988,167.18153503432404
161.8699951,167.14659086889878
162.7899933,166.51724129507966
164.9900055,165.56321535129973
165.9100037,162.70487905364644
162.7799988,162.75842584893508
164.4600067,162.27178668244233
167.25,163.19723178207641
167.3899994,165.09575339179537
168.0500031,165.8635834470606
172.1300049,162.87161692414156
172.5399933,164.35679432894176
175.3699951,166.8770490750212
178.8300018,166.69731276928542
178.8699951,167.5294421576873
177.1300049,171.19999533742703
178.6699982,171.04160123023757
181.2799988,173.74206385173056
183.9799957,176.77675103453294
187.9799957,176.92716908351213
189.1999969,175.58763204383285
188.9600067,177.14328056030172
195.0399933,179.47698567567932
188.75,182.13411470394567
186.3000031,185.57976867286743
187.1000061,186.83705745521183
184.8399963,186.92343530853032
180.5,192.42740800090905
182.3899994,186.49915393472656
182.4199982,185.17063130188762
179.75,185.98919915547594
178.4600067,184.2120029953512
173.6499939,180.35137218599448
169.4499969,181.96491986787987
173.0399933,181.95259818423256
173.1799927,179.87597456552248
174.1199951,178.54587888254355
177.1499939,174.38509653610163
178.0299988,170.382875737012
181.6000061,173.68752472267988
177.6799927,173.1689463077164
179.1000061,174.15463857470604
178.2200012,176.90794480419754
175.9799957,177.56683770443124
174.6999969,180.49789393285755
173.4799957,176.98258879963396
173.8099976,178.4230267414605
174.1199951,177.55043286123328
175.1799927,175.60554349196718
171.6100006,174.46563355129
172.8099976,173.53126779851482
171.3999939,173.59760412347532
175.1799927,174.05032431200925
185.7799988,174.96492850109644
186.5500031,171.74958067387888
189.5899963,172.68668364879704
189.6499939,171.51535542368583
189.5700073,174.95001962406423
183.4199982,182.99425425573463
184.2200012,183.8706458480956
187.0,186.79501604109828
187.7400055,187.14213534553346
192.0800018,187.12222366645074
189.1100006,181.95621092546025
190.3999939,182.7907648367236
193.3600006,185.1681139034281
187.6799927,185.90159182462412
183.2100067,189.89362537722263
184.2299957,187.4894876839371
188.3000031,188.83949788479185
186.6100006,191.44752968184548
187.1600037,186.3320286395392
189.5099945,182.46671520655582
189.7799988,183.94383706455483
192.7400055,187.54525254676264
187.3699951,186.1538203461405
187.9900055,186.5500240180845
189.8899994,188.6708912513459
190.2400055,189.02043565856184
187.2799988,191.06949306721435
187.0800018,186.46563231689834
184.8000031,187.22726837607115
185.4799957,188.68744523618807
183.4199982,188.95760378264822
180.6199951,186.52151672573382
183.2799988,186.55114240586045
183.9499969,184.63184121201994
179.9400024,184.84200805799628
180.8600006,183.0271961405415
178.5299988,180.77729885392182
179.8500061,183.30336409751726
180.48000335,183.81035378584056
181.1100006,180.02208867334957
183.3800049,180.73508013667924
181.3699951,178.8828565322765
181.5500031,179.92334092253986
182.9700012,180.5632259722479
187.0700073,181.12446733187608
187.8899994,182.93857058645517
185.9900055,180.58225941750607
192.7200012,180.56487237536567
194.9499969,182.0116180648747
195.6799927,185.27416806327346
195.6000061,186.14992712049934
194.1399994,184.55313636751998
200.0800018,190.15984801087325
200.6699982,192.26356160357682
201.4199982,193.2758019820485
201.3999939,193.23868714858145
200.7200012,192.2071347604142
199.5599976,197.51322279222586
198.0599976,198.0847318243941
201.6600037,199.06809016793704
201.8500061,199.2507150112815
199.6999969,198.85155437914364
202.1799927,197.85414905305151
202.5399933,196.8304560837896
203.0299988,199.86660807015505
218.8600006,200.4856326025656
223.0500031,198.29753669738602
226.3099976,200.26416835290365
224.4600067,200.67613881184843
225.8600006,201.2898954704433
231.0,213.47970205615638
227.0299988,218.21532379909877
228.5399933,221.37678321029853
227.3600006,220.2776024248069
226.7700043,221.5251373538158
227.0899963,225.92286204329503
234.4499969,223.136645554785
235.0,224.9454519715182
238.1300049,224.3361835956257
238.0399933,223.94684654244702
237.2899933,224.65360885662267
240.5500031,231.16463145612033
246.0399933,231.83473758517903
243.8399963,234.63330067253082
248.1900024,234.71369066683656
252.3999939,234.53481159855255
247.9400024,237.48008698467675
242.8200073,242.15547227920615
235.4600067,240.45291882082165
237.9499969,244.2292563009014
232.8300018,248.13364841824477
230.9700012,244.36206172874154
234.6199951,240.11872556848903
238.6600037,234.15700480002488
244.3200073,236.3660941700873
246.7200012,232.01417745394974
251.4799957,230.39832225797363
254.7700043,233.86063455768817
252.4100037,237.31946197286743
253.7200012,241.93095167366664
252.1499939,243.89814385207865
247.1499939,248.2775000134061
242.1499939,251.12358838064938
239.8899994,249.01123503726012
241.7799988,250.66228328186116
239.1600037,248.97256644668596
240.7400055,245.25828019776054
244.2100067,240.75004463855112
246.9299927,238.92635782476464
244.7899933,240.507516685906
246.9900055,237.86005248762376
242.9700012,239.45122102543246
241.6699982,242.6611003767157
236.5200043,244.90500750972387
233.9700012,243.04536284830647
231.8399963,244.9288962893952
228.7200012,241.3987043757552
230.3000031,239.9563598047789
230.4100037,235.79479877978156
232.8800049,233.72272660023918
225.3600006,231.81489857566885
226.7100067,228.99460728209306
227.9400024,230.102100555343
227.3099976,230.02456925770275
226.8300018,232.28727503388654
230.8000031,225.26658530162058
232.8699951,226.64876358864967
235.6000061,227.82250646258217
231.2599945,226.81780957241062
231.7799988,226.13286013478864
227.2400055,229.5227024871856
218.7799988,231.19462214987652
215.6399994,233.4747126193215
217.1199951,229.56018811215836
219.5500031,229.38318678712858
215.6300049,226.18104523786133
219.7599945,218.612118518422
219.55999755,216.20794267476958
219.3600006,217.43963350976082
216.6300049,219.3806174962865
214.7200012,215.85378166941882
216.8399963,219.47200470285134
218.7200012,219.16532431452833
213.9499969,218.88778991018262
214.1699982,216.41872992922617
217.5099945,214.2587692608031
212.1699982,216.4825387476667
210.3800049,217.87536944428575
208.3300018,213.70597677416663
210.0399933,213.90401413373547
206.3600006,216.68529503278296
208.0200043,211.5314791702167
205.3099976,210.20057446343708
205.6499939,208.1204744927818
199.3500061,209.7414931571766
197.1300049,206.44620948617558
195.1999969,207.8603191829552
194.1399994,205.1684962451218
194.5399933,205.53023326541916
193.5800018,199.85043469069933
198.9799957,197.7941594303029
206.2200012,195.8910322898082
203.1799927,194.99990356531816
203.8800049,195.10013220282053
204.9700012,194.2009218006333
203.7100067,198.65338703595262
206.2100067,204.91729087659587
206.25,201.94244550622898
206.4499969,202.6282819257758
204.9400024,203.49896942422674
201.6699982,202.1633759480701
205.8800049,204.4647097905763
203.7299957,204.55541413155152
207.5899963,204.7213171894
206.9100037,203.47074706636158
206.6000061,200.14308472102857
204.3899994,204.13398510470688
199.8500061,202.32736069919702
197.1499939,205.58317149150753
200.1399994,205.26379983140396
200.7899933,205.12843049382172
197.1999969,203.1507036321782
195.25,199.15597200393495
192.5200043,197.01331500811648
192.4799957,199.6414539290854
193.1100006,200.31662350276565
193.5500031,196.91055810643593
179.0700073,195.02686579037436
173.0200043,192.78501093464547
168.3500061,192.91274185648763
169.6000061,193.05289813623676
167.1799927,193.48066644680694
169.3699951,179.83082825435122
168.5899963,175.2679993778147
167.9700012,169.03700747028233
172.3899994,171.501820226149
177.0099945,168.59504662473591
181.7899933,170.5819711059412
182.6699982,169.58249166545465
183.6999969,169.01165975768345
181.3399963,172.62500858495514
183.6199951,176.37301613354248
181.5,180.72803818039574
185.0899963,181.130864168088
180.5700073,182.07532927673492
185.75,179.82940045402574
186.76000215,182.05270657530673
187.7700043,180.09109693514074
189.8000031,183.22711966543648
186.1499939,179.52674479763664
184.7100067,184.30455626648654
182.8000031,184.843863467353
177.1799927,185.96372582420554
176.0800018,187.7221340307933
174.1799927,184.07811500752723
174.6900024,183.30681080830072
176.1799927,181.90226329781945
175.3899994,176.64113798909966
176.2299957,176.14725374566478
173.1499939,174.1371516327181
176.7100067,174.37762246709826
183.4700012,175.9241658884912
184.0700073,175.42779341684036
183.80000305,176.10568575712387
183.5299988,173.01540529233898
184.1600037,176.24802624272525
189.3600006,182.22746899548656
182.8200073,182.4292006353353
178.5700073,182.38390904549487
178.0599976,182.16317874031665
180.5,182.82262760656522
176.1699982,187.35940776126154
180.0200043,181.377839277171
177.3200073,178.08499030480198
175.7599945,177.3757205721431
173.9900055,179.63583174804626
174.3500061,175.95652341569985
174.0599976,179.17613906536644
171.80500035,177.04868499674194
169.5500031,175.58254531950297
171.5,173.9557218695718
171.1999969,174.35536862574918
171.5299988,173.8490661436499
169.1699982,172.21559817804336
169.9299927,170.14673923019473
171.3300018,171.8731535927309
170.4299927,171.4744852299027
172.0,171.7038640421015
176.6300049,169.50058519593222
176.0299988,170.24599268351267
175.2100067,171.2626220944112
173.0200043,170.33925304876357
172.8300018,171.84579849343208
172.6999969,175.81927742235166
174.7299957,175.18956823211374
175.1499939,174.53519199406765
178.4499969,172.4013252440509
172.0299988,172.17469406522287
174.1000061,172.09434346097441
174.9900055,173.76850071742774
172.3500061,173.79581319909994
173.4799957,177.0840005358623
172.8399963,171.33788774639834
174.7799988,173.27958132163258
175.3899994,174.03491686167217
172.9100037,171.9326337996863
173.3800049,173.0787185453355
174.3999939,172.46779940988563
175.8300018,174.03703594359104
172.5200043,174.92508576146975
169.7200012,172.49004304563823
170.6300049,173.16141809563305
175.8099976,173.84593650695024
176.0,175.330310648249
174.7799988,172.46484597942435
174.3999939,170.04067917663087
175.9499969,170.84403671236214
177.0099945,174.88439989146354
175.7100067,175.3144020368709
178.1499939,174.05820041976403
176.8999939,173.75433601326768
175.8600006,175.19393050614235
174.25,175.9541361840329
173.2799988,174.90927387523516
173.6199951,177.0630658806149
174.2100067,176.0172553852899
178.1699982,175.26102215136416
180.4499969,173.94282459502028
181.4299927,173.12399245776942
197.3600006,172.785821688949
199.5200043,173.88634167582313
